<?xml version="1.0" encoding="UTF-8"?>
<project-private xmlns="http://www.netbeans.org/ns/project-private/1">
    <editor-bookmarks xmlns="http://www.netbeans.org/ns/editor-bookmarks/2" lastBookmarkId="0"/>
    <open-files xmlns="http://www.netbeans.org/ns/projectui-open-files/2">
        <group>
            <file>file:/C:/Users/Pablo/Documents/Java/laboratorium/lab2/AdvancedFeatures/src/pl/polsl/lab2/ForEachDemo.java</file>
            <file>file:/C:/Users/Pablo/Documents/Java/laboratorium/lab2/AdvancedFeatures/src/pl/polsl/lab2/EnumerationDemo.java</file>
            <file>file:/C:/Users/Pablo/Documents/Java/laboratorium/lab2/AdvancedFeatures/src/pl/polsl/lab2/LambdaExpressionDemo.java</file>
            <file>file:/C:/Users/Pablo/Documents/Java/laboratorium/lab2/AdvancedFeatures/src/pl/polsl/lab2/CollectionFeaturesDemo.java</file>
            <file>file:/C:/Users/Pablo/Documents/Java/laboratorium/lab2/AdvancedFeatures/src/pl/polsl/lab2/AutoboxingDemo.java</file>
            <file>file:/C:/Users/Pablo/Documents/Java/laboratorium/lab2/AdvancedFeatures/src/pl/polsl/lab2/GenericsDemo.java</file>
            <file>file:/C:/Users/Pablo/Documents/Java/laboratorium/lab2/AdvancedFeatures/src/pl/polsl/lab2/AnnotationsDemo.java</file>
        </group>
    </open-files>
</project-private>
